<environmentvariabledefinition schemaname="new_VARFunctionApp">
  <description default="Name of the function app">
    <label description="Name of the function app" languagecode="1033" />
  </description>
  <displayname default="VAR - FunctionApp">
    <label description="VAR - FunctionApp" languagecode="1033" />
  </displayname>
  <introducedversion>1.0.0.1</introducedversion>
  <iscustomizable>1</iscustomizable>
  <isrequired>0</isrequired>
  <secretstore>0</secretstore>
  <type>100000000</type>
</environmentvariabledefinition>